MassH2O, 2
1.34331,0.44715
0.94384,0.58119
1.45551,0.39632
1.25512,0.50261
1.35290,0.46353
1.47130,0.48360
